{"frames":[{"filename":"idle000","frame":{"x":15,"y":5,"w":21,"h":40},"rotated":false,"trimmed":false,"spriteSourceSize":{"x":0,"y":0,"w":21,"h":40},"sourceSize":{"w":21,"h":40}},{"filename":"idle003","frame":{"x":163,"y":5,"w":23,"h":40},"rotated":false,"trimmed":false,"spriteSourceSize":{"x":0,"y":0,"w":23,"h":40},"sourceSize":{"w":23,"h":40}},{"filename":"idle004","frame":{"x":214,"y":5,"w":22,"h":40},"rotated":false,"trimmed":false,"spriteSourceSize":{"x":0,"y":0,"w":22,"h":40},"sourceSize":{"w":22,"h":40}},{"filename":"idle001","frame":{"x":64,"y":6,"w":22,"h":39},"rotated":false,"trimmed":false,"spriteSourceSize":{"x":0,"y":0,"w":22,"h":39},"sourceSize":{"w":22,"h":39}},{"filename":"idle002","frame":{"x":113,"y":6,"w":23,"h":39},"rotated":false,"trimmed":false,"spriteSourceSize":{"x":0,"y":0,"w":23,"h":39},"sourceSize":{"w":23,"h":39}},{"filename":"sprite6","frame":{"x":260,"y":15,"w":10,"h":12},"rotated":false,"trimmed":false,"spriteSourceSize":{"x":0,"y":0,"w":10,"h":12},"sourceSize":{"w":10,"h":12}},{"filename":"sprite7","frame":{"x":271,"y":15,"w":7,"h":12},"rotated":false,"trimmed":false,"spriteSourceSize":{"x":0,"y":0,"w":7,"h":12},"sourceSize":{"w":7,"h":12}},{"filename":"sprite8","frame":{"x":280,"y":15,"w":2,"h":12},"rotated":false,"trimmed":false,"spriteSourceSize":{"x":0,"y":0,"w":2,"h":12},"sourceSize":{"w":2,"h":12}},{"filename":"sprite9","frame":{"x":284,"y":19,"w":7,"h":8},"rotated":false,"trimmed":false,"spriteSourceSize":{"x":0,"y":0,"w":7,"h":8},"sourceSize":{"w":7,"h":8}},{"filename":"run003","frame":{"x":163,"y":54,"w":23,"h":41},"rotated":false,"trimmed":false,"spriteSourceSize":{"x":0,"y":0,"w":23,"h":41},"sourceSize":{"w":23,"h":41}},{"filename":"run007","frame":{"x":363,"y":54,"w":23,"h":41},"rotated":false,"trimmed":false,"spriteSourceSize":{"x":0,"y":0,"w":23,"h":41},"sourceSize":{"w":23,"h":41}},{"filename":"run000","frame":{"x":10,"y":55,"w":26,"h":40},"rotated":false,"trimmed":false,"spriteSourceSize":{"x":0,"y":0,"w":26,"h":40},"sourceSize":{"w":26,"h":40}},{"filename":"run002","frame":{"x":113,"y":55,"w":23,"h":40},"rotated":false,"trimmed":false,"spriteSourceSize":{"x":0,"y":0,"w":23,"h":40},"sourceSize":{"w":23,"h":40}},{"filename":"run004","frame":{"x":212,"y":55,"w":24,"h":40},"rotated":false,"trimmed":false,"spriteSourceSize":{"x":0,"y":0,"w":24,"h":40},"sourceSize":{"w":24,"h":40}},{"filename":"run006","frame":{"x":313,"y":55,"w":23,"h":40},"rotated":false,"trimmed":false,"spriteSourceSize":{"x":0,"y":0,"w":23,"h":40},"sourceSize":{"w":23,"h":40}},{"filename":"run001","frame":{"x":67,"y":56,"w":24,"h":39},"rotated":false,"trimmed":false,"spriteSourceSize":{"x":0,"y":0,"w":24,"h":39},"sourceSize":{"w":24,"h":39}},{"filename":"run005","frame":{"x":264,"y":56,"w":22,"h":39},"rotated":false,"trimmed":false,"spriteSourceSize":{"x":0,"y":0,"w":22,"h":39},"sourceSize":{"w":22,"h":39}},{"filename":"sprite18","frame":{"x":415,"y":66,"w":7,"h":14},"rotated":false,"trimmed":false,"spriteSourceSize":{"x":0,"y":0,"w":7,"h":14},"sourceSize":{"w":7,"h":14}},{"filename":"sprite19","frame":{"x":432,"y":72,"w":7,"h":8},"rotated":false,"trimmed":false,"spriteSourceSize":{"x":0,"y":0,"w":7,"h":8},"sourceSize":{"w":7,"h":8}},{"filename":"sprite20","frame":{"x":424,"y":73,"w":6,"h":7},"rotated":false,"trimmed":false,"spriteSourceSize":{"x":0,"y":0,"w":6,"h":7},"sourceSize":{"w":6,"h":7}},{"filename":"jump003","frame":{"x":163,"y":104,"w":23,"h":36},"rotated":false,"trimmed":false,"spriteSourceSize":{"x":0,"y":0,"w":23,"h":36},"sourceSize":{"w":23,"h":36}},{"filename":"jump002","frame":{"x":113,"y":105,"w":23,"h":39},"rotated":false,"trimmed":false,"spriteSourceSize":{"x":0,"y":0,"w":23,"h":39},"sourceSize":{"w":23,"h":39}},{"filename":"jump004","frame":{"x":214,"y":105,"w":23,"h":36},"rotated":false,"trimmed":false,"spriteSourceSize":{"x":0,"y":0,"w":23,"h":36},"sourceSize":{"w":23,"h":36}},{"filename":"jump000","frame":{"x":14,"y":106,"w":22,"h":39},"rotated":false,"trimmed":false,"spriteSourceSize":{"x":0,"y":0,"w":22,"h":39},"sourceSize":{"w":22,"h":39}},{"filename":"jump005","frame":{"x":260,"y":106,"w":22,"h":37},"rotated":false,"trimmed":false,"spriteSourceSize":{"x":0,"y":0,"w":22,"h":37},"sourceSize":{"w":22,"h":37}},{"filename":"jump007","frame":{"x":365,"y":106,"w":22,"h":39},"rotated":false,"trimmed":false,"spriteSourceSize":{"x":0,"y":0,"w":22,"h":39},"sourceSize":{"w":22,"h":39}},{"filename":"jump001","frame":{"x":64,"y":107,"w":22,"h":38},"rotated":false,"trimmed":false,"spriteSourceSize":{"x":0,"y":0,"w":22,"h":38},"sourceSize":{"w":22,"h":38}},{"filename":"jump006","frame":{"x":315,"y":107,"w":22,"h":38},"rotated":false,"trimmed":false,"spriteSourceSize":{"x":0,"y":0,"w":22,"h":38},"sourceSize":{"w":22,"h":38}},{"filename":"sprite29","frame":{"x":408,"y":115,"w":9,"h":12},"rotated":false,"trimmed":false,"spriteSourceSize":{"x":0,"y":0,"w":9,"h":12},"sourceSize":{"w":9,"h":12}},{"filename":"sprite30","frame":{"x":424,"y":120,"w":10,"h":7},"rotated":false,"trimmed":false,"spriteSourceSize":{"x":0,"y":0,"w":10,"h":7},"sourceSize":{"w":10,"h":7}},{"filename":"sprite31","frame":{"x":416,"y":121,"w":6,"h":6},"rotated":false,"trimmed":false,"spriteSourceSize":{"x":0,"y":0,"w":6,"h":6},"sourceSize":{"w":6,"h":6}},{"filename":"sprite32","frame":{"x":435,"y":121,"w":6,"h":11},"rotated":false,"trimmed":false,"spriteSourceSize":{"x":0,"y":0,"w":6,"h":11},"sourceSize":{"w":6,"h":11}},{"filename":"sprite33","frame":{"x":463,"y":155,"w":32,"h":40},"rotated":false,"trimmed":false,"spriteSourceSize":{"x":0,"y":0,"w":32,"h":40},"sourceSize":{"w":32,"h":40}},{"filename":"sprite34","frame":{"x":412,"y":158,"w":32,"h":37},"rotated":false,"trimmed":false,"spriteSourceSize":{"x":0,"y":0,"w":32,"h":37},"sourceSize":{"w":32,"h":37}},{"filename":"sprite35","frame":{"x":15,"y":159,"w":21,"h":36},"rotated":false,"trimmed":false,"spriteSourceSize":{"x":0,"y":0,"w":21,"h":36},"sourceSize":{"w":21,"h":36}},{"filename":"sprite36","frame":{"x":360,"y":162,"w":34,"h":33},"rotated":false,"trimmed":false,"spriteSourceSize":{"x":0,"y":0,"w":34,"h":33},"sourceSize":{"w":34,"h":33}},{"filename":"sprite37","frame":{"x":62,"y":164,"w":28,"h":31},"rotated":false,"trimmed":false,"spriteSourceSize":{"x":0,"y":0,"w":28,"h":31},"sourceSize":{"w":28,"h":31}},{"filename":"sprite38","frame":{"x":315,"y":165,"w":26,"h":30},"rotated":false,"trimmed":false,"spriteSourceSize":{"x":0,"y":0,"w":26,"h":30},"sourceSize":{"w":26,"h":30}},{"filename":"sprite39","frame":{"x":509,"y":167,"w":8,"h":12},"rotated":false,"trimmed":false,"spriteSourceSize":{"x":0,"y":0,"w":8,"h":12},"sourceSize":{"w":8,"h":12}},{"filename":"sprite40","frame":{"x":519,"y":167,"w":2,"h":12},"rotated":false,"trimmed":false,"spriteSourceSize":{"x":0,"y":0,"w":2,"h":12},"sourceSize":{"w":2,"h":12}},{"filename":"sprite41","frame":{"x":527,"y":167,"w":6,"h":12},"rotated":false,"trimmed":false,"spriteSourceSize":{"x":0,"y":0,"w":6,"h":12},"sourceSize":{"w":6,"h":12}},{"filename":"sprite42","frame":{"x":523,"y":170,"w":2,"h":2},"rotated":false,"trimmed":false,"spriteSourceSize":{"x":0,"y":0,"w":2,"h":2},"sourceSize":{"w":2,"h":2}},{"filename":"sprite43","frame":{"x":106,"y":173,"w":39,"h":22},"rotated":false,"trimmed":false,"spriteSourceSize":{"x":0,"y":0,"w":39,"h":22},"sourceSize":{"w":39,"h":22}},{"filename":"sprite44","frame":{"x":156,"y":173,"w":39,"h":22},"rotated":false,"trimmed":false,"spriteSourceSize":{"x":0,"y":0,"w":39,"h":22},"sourceSize":{"w":39,"h":22}},{"filename":"sprite45","frame":{"x":206,"y":173,"w":39,"h":22},"rotated":false,"trimmed":false,"spriteSourceSize":{"x":0,"y":0,"w":39,"h":22},"sourceSize":{"w":39,"h":22}},{"filename":"sprite46","frame":{"x":257,"y":173,"w":38,"h":22},"rotated":false,"trimmed":false,"spriteSourceSize":{"x":0,"y":0,"w":38,"h":22},"sourceSize":{"w":38,"h":22}},{"filename":"sprite47","frame":{"x":523,"y":173,"w":2,"h":6},"rotated":false,"trimmed":false,"spriteSourceSize":{"x":0,"y":0,"w":2,"h":6},"sourceSize":{"w":2,"h":6}},{"filename":"sprite48","frame":{"x":535,"y":173,"w":5,"h":6},"rotated":false,"trimmed":false,"spriteSourceSize":{"x":0,"y":0,"w":5,"h":6},"sourceSize":{"w":5,"h":6}},{"filename":"sprite49","frame":{"x":410,"y":192,"w":1,"h":1},"rotated":false,"trimmed":false,"spriteSourceSize":{"x":0,"y":0,"w":1,"h":1},"sourceSize":{"w":1,"h":1}},{"filename":"sprite50","frame":{"x":459,"y":192,"w":1,"h":1},"rotated":false,"trimmed":false,"spriteSourceSize":{"x":0,"y":0,"w":1,"h":1},"sourceSize":{"w":1,"h":1}},{"filename":"sprite51","frame":{"x":461,"y":193,"w":1,"h":1},"rotated":false,"trimmed":false,"spriteSourceSize":{"x":0,"y":0,"w":1,"h":1},"sourceSize":{"w":1,"h":1}},{"filename":"wall000","frame":{"x":12,"y":209,"w":20,"h":38},"rotated":false,"trimmed":false,"spriteSourceSize":{"x":0,"y":0,"w":20,"h":38},"sourceSize":{"w":20,"h":38}},{"filename":"wall003","frame":{"x":157,"y":209,"w":23,"h":38},"rotated":false,"trimmed":false,"spriteSourceSize":{"x":0,"y":0,"w":23,"h":38},"sourceSize":{"w":23,"h":38}},{"filename":"wall004","frame":{"x":207,"y":209,"w":21,"h":38},"rotated":false,"trimmed":false,"spriteSourceSize":{"x":0,"y":0,"w":21,"h":38},"sourceSize":{"w":21,"h":38}},{"filename":"wall001","frame":{"x":57,"y":210,"w":21,"h":37},"rotated":false,"trimmed":false,"spriteSourceSize":{"x":0,"y":0,"w":21,"h":37},"sourceSize":{"w":21,"h":37}},{"filename":"wall002","frame":{"x":107,"y":210,"w":23,"h":37},"rotated":false,"trimmed":false,"spriteSourceSize":{"x":0,"y":0,"w":23,"h":37},"sourceSize":{"w":23,"h":37}},{"filename":"sprite57","frame":{"x":259,"y":212,"w":10,"h":12},"rotated":false,"trimmed":false,"spriteSourceSize":{"x":0,"y":0,"w":10,"h":12},"sourceSize":{"w":10,"h":12}},{"filename":"sprite58","frame":{"x":270,"y":212,"w":7,"h":12},"rotated":false,"trimmed":false,"spriteSourceSize":{"x":0,"y":0,"w":7,"h":12},"sourceSize":{"w":7,"h":12}},{"filename":"sprite59","frame":{"x":279,"y":212,"w":2,"h":12},"rotated":false,"trimmed":false,"spriteSourceSize":{"x":0,"y":0,"w":2,"h":12},"sourceSize":{"w":2,"h":12}},{"filename":"sprite60","frame":{"x":283,"y":216,"w":7,"h":8},"rotated":false,"trimmed":false,"spriteSourceSize":{"x":0,"y":0,"w":7,"h":8},"sourceSize":{"w":7,"h":8}},{"filename":"sprite61","frame":{"x":289,"y":225,"w":7,"h":13},"rotated":false,"trimmed":false,"spriteSourceSize":{"x":0,"y":0,"w":7,"h":13},"sourceSize":{"w":7,"h":13}},{"filename":"sprite62","frame":{"x":263,"y":230,"w":7,"h":8},"rotated":false,"trimmed":false,"spriteSourceSize":{"x":0,"y":0,"w":7,"h":8},"sourceSize":{"w":7,"h":8}},{"filename":"sprite63","frame":{"x":272,"y":230,"w":8,"h":8},"rotated":false,"trimmed":false,"spriteSourceSize":{"x":0,"y":0,"w":8,"h":8},"sourceSize":{"w":8,"h":8}},{"filename":"sprite64","frame":{"x":281,"y":230,"w":6,"h":8},"rotated":false,"trimmed":false,"spriteSourceSize":{"x":0,"y":0,"w":6,"h":8},"sourceSize":{"w":6,"h":8}},{"filename":"sprite65","frame":{"x":254,"y":231,"w":7,"h":13},"rotated":false,"trimmed":false,"spriteSourceSize":{"x":0,"y":0,"w":7,"h":13},"sourceSize":{"w":7,"h":13}},{"filename":"walljump005","frame":{"x":263,"y":254,"w":23,"h":36},"rotated":false,"trimmed":false,"spriteSourceSize":{"x":0,"y":0,"w":23,"h":36},"sourceSize":{"w":23,"h":36}},{"filename":"walljump004","frame":{"x":213,"y":255,"w":23,"h":37},"rotated":false,"trimmed":false,"spriteSourceSize":{"x":0,"y":0,"w":23,"h":37},"sourceSize":{"w":23,"h":37}},{"filename":"walljump006","frame":{"x":314,"y":255,"w":23,"h":36},"rotated":false,"trimmed":false,"spriteSourceSize":{"x":0,"y":0,"w":23,"h":36},"sourceSize":{"w":23,"h":36}},{"filename":"walljump003","frame":{"x":158,"y":256,"w":22,"h":39},"rotated":false,"trimmed":false,"spriteSourceSize":{"x":0,"y":0,"w":22,"h":39},"sourceSize":{"w":22,"h":39}},{"filename":"walljump007","frame":{"x":360,"y":256,"w":22,"h":37},"rotated":false,"trimmed":false,"spriteSourceSize":{"x":0,"y":0,"w":22,"h":37},"sourceSize":{"w":22,"h":37}},{"filename":"walljump009","frame":{"x":465,"y":256,"w":22,"h":39},"rotated":false,"trimmed":false,"spriteSourceSize":{"x":0,"y":0,"w":22,"h":39},"sourceSize":{"w":22,"h":39}},{"filename":"walljump002","frame":{"x":107,"y":257,"w":25,"h":40},"rotated":false,"trimmed":false,"spriteSourceSize":{"x":0,"y":0,"w":25,"h":40},"sourceSize":{"w":25,"h":40}},{"filename":"walljump008","frame":{"x":415,"y":257,"w":22,"h":38},"rotated":false,"trimmed":false,"spriteSourceSize":{"x":0,"y":0,"w":22,"h":38},"sourceSize":{"w":22,"h":38}},{"filename":"walljump001","frame":{"x":57,"y":258,"w":24,"h":39},"rotated":false,"trimmed":false,"spriteSourceSize":{"x":0,"y":0,"w":24,"h":39},"sourceSize":{"w":24,"h":39}},{"filename":"sprite75","frame":{"x":507,"y":259,"w":9,"h":12},"rotated":false,"trimmed":false,"spriteSourceSize":{"x":0,"y":0,"w":9,"h":12},"sourceSize":{"w":9,"h":12}},{"filename":"walljump000","frame":{"x":12,"y":260,"w":21,"h":37},"rotated":false,"trimmed":false,"spriteSourceSize":{"x":0,"y":0,"w":21,"h":37},"sourceSize":{"w":21,"h":37}},{"filename":"sprite77","frame":{"x":523,"y":264,"w":10,"h":7},"rotated":false,"trimmed":false,"spriteSourceSize":{"x":0,"y":0,"w":10,"h":7},"sourceSize":{"w":10,"h":7}},{"filename":"sprite78","frame":{"x":515,"y":265,"w":6,"h":6},"rotated":false,"trimmed":false,"spriteSourceSize":{"x":0,"y":0,"w":6,"h":6},"sourceSize":{"w":6,"h":6}},{"filename":"sprite79","frame":{"x":534,"y":265,"w":6,"h":11},"rotated":false,"trimmed":false,"spriteSourceSize":{"x":0,"y":0,"w":6,"h":11},"sourceSize":{"w":6,"h":11}},{"filename":"sprite80","frame":{"x":539,"y":274,"w":7,"h":13},"rotated":false,"trimmed":false,"spriteSourceSize":{"x":0,"y":0,"w":7,"h":13},"sourceSize":{"w":7,"h":13}},{"filename":"sprite81","frame":{"x":513,"y":279,"w":7,"h":8},"rotated":false,"trimmed":false,"spriteSourceSize":{"x":0,"y":0,"w":7,"h":8},"sourceSize":{"w":7,"h":8}},{"filename":"sprite82","frame":{"x":522,"y":279,"w":8,"h":8},"rotated":false,"trimmed":false,"spriteSourceSize":{"x":0,"y":0,"w":8,"h":8},"sourceSize":{"w":8,"h":8}},{"filename":"sprite83","frame":{"x":531,"y":279,"w":6,"h":8},"rotated":false,"trimmed":false,"spriteSourceSize":{"x":0,"y":0,"w":6,"h":8},"sourceSize":{"w":6,"h":8}},{"filename":"sprite84","frame":{"x":504,"y":280,"w":7,"h":13},"rotated":false,"trimmed":false,"spriteSourceSize":{"x":0,"y":0,"w":7,"h":13},"sourceSize":{"w":7,"h":13}},{"filename":"red000","frame":{"x":8,"y":305,"w":30,"h":40},"rotated":false,"trimmed":false,"spriteSourceSize":{"x":0,"y":0,"w":30,"h":40},"sourceSize":{"w":30,"h":40}},{"filename":"red003","frame":{"x":158,"y":305,"w":30,"h":40},"rotated":false,"trimmed":false,"spriteSourceSize":{"x":0,"y":0,"w":30,"h":40},"sourceSize":{"w":30,"h":40}},{"filename":"red004","frame":{"x":208,"y":305,"w":30,"h":40},"rotated":false,"trimmed":false,"spriteSourceSize":{"x":0,"y":0,"w":30,"h":40},"sourceSize":{"w":30,"h":40}},{"filename":"red001","frame":{"x":63,"y":306,"w":30,"h":39},"rotated":false,"trimmed":false,"spriteSourceSize":{"x":0,"y":0,"w":30,"h":39},"sourceSize":{"w":30,"h":39}},{"filename":"red002","frame":{"x":113,"y":306,"w":30,"h":39},"rotated":false,"trimmed":false,"spriteSourceSize":{"x":0,"y":0,"w":30,"h":39},"sourceSize":{"w":30,"h":39}},{"filename":"sprite90","frame":{"x":259,"y":310,"w":10,"h":12},"rotated":false,"trimmed":false,"spriteSourceSize":{"x":0,"y":0,"w":10,"h":12},"sourceSize":{"w":10,"h":12}},{"filename":"sprite91","frame":{"x":270,"y":310,"w":7,"h":12},"rotated":false,"trimmed":false,"spriteSourceSize":{"x":0,"y":0,"w":7,"h":12},"sourceSize":{"w":7,"h":12}},{"filename":"sprite92","frame":{"x":279,"y":310,"w":2,"h":12},"rotated":false,"trimmed":false,"spriteSourceSize":{"x":0,"y":0,"w":2,"h":12},"sourceSize":{"w":2,"h":12}},{"filename":"sprite93","frame":{"x":283,"y":314,"w":7,"h":8},"rotated":false,"trimmed":false,"spriteSourceSize":{"x":0,"y":0,"w":7,"h":8},"sourceSize":{"w":7,"h":8}},{"filename":"sprite94","frame":{"x":260,"y":325,"w":8,"h":15},"rotated":false,"trimmed":false,"spriteSourceSize":{"x":0,"y":0,"w":8,"h":15},"sourceSize":{"w":8,"h":15}},{"filename":"sprite95","frame":{"x":279,"y":327,"w":7,"h":13},"rotated":false,"trimmed":false,"spriteSourceSize":{"x":0,"y":0,"w":7,"h":13},"sourceSize":{"w":7,"h":13}},{"filename":"sprite96","frame":{"x":270,"y":332,"w":6,"h":8},"rotated":false,"trimmed":false,"spriteSourceSize":{"x":0,"y":0,"w":6,"h":8},"sourceSize":{"w":6,"h":8}},{"filename":"sprite97","frame":{"x":15,"y":355,"w":21,"h":40},"rotated":false,"trimmed":false,"spriteSourceSize":{"x":0,"y":0,"w":21,"h":40},"sourceSize":{"w":21,"h":40}},{"filename":"sprite98","frame":{"x":163,"y":355,"w":23,"h":40},"rotated":false,"trimmed":false,"spriteSourceSize":{"x":0,"y":0,"w":23,"h":40},"sourceSize":{"w":23,"h":40}},{"filename":"sprite99","frame":{"x":214,"y":355,"w":22,"h":40},"rotated":false,"trimmed":false,"spriteSourceSize":{"x":0,"y":0,"w":22,"h":40},"sourceSize":{"w":22,"h":40}},{"filename":"sprite100","frame":{"x":64,"y":356,"w":22,"h":39},"rotated":false,"trimmed":false,"spriteSourceSize":{"x":0,"y":0,"w":22,"h":39},"sourceSize":{"w":22,"h":39}},{"filename":"sprite101","frame":{"x":113,"y":356,"w":23,"h":39},"rotated":false,"trimmed":false,"spriteSourceSize":{"x":0,"y":0,"w":23,"h":39},"sourceSize":{"w":23,"h":39}},{"filename":"sprite102","frame":{"x":260,"y":365,"w":10,"h":12},"rotated":false,"trimmed":false,"spriteSourceSize":{"x":0,"y":0,"w":10,"h":12},"sourceSize":{"w":10,"h":12}},{"filename":"sprite103","frame":{"x":271,"y":365,"w":7,"h":12},"rotated":false,"trimmed":false,"spriteSourceSize":{"x":0,"y":0,"w":7,"h":12},"sourceSize":{"w":7,"h":12}},{"filename":"sprite104","frame":{"x":280,"y":365,"w":2,"h":12},"rotated":false,"trimmed":false,"spriteSourceSize":{"x":0,"y":0,"w":2,"h":12},"sourceSize":{"w":2,"h":12}},{"filename":"sprite105","frame":{"x":300,"y":365,"w":8,"h":12},"rotated":false,"trimmed":false,"spriteSourceSize":{"x":0,"y":0,"w":8,"h":12},"sourceSize":{"w":8,"h":12}},{"filename":"sprite106","frame":{"x":284,"y":369,"w":7,"h":8},"rotated":false,"trimmed":false,"spriteSourceSize":{"x":0,"y":0,"w":7,"h":8},"sourceSize":{"w":7,"h":8}},{"filename":"sprite107","frame":{"x":309,"y":369,"w":6,"h":8},"rotated":false,"trimmed":false,"spriteSourceSize":{"x":0,"y":0,"w":6,"h":8},"sourceSize":{"w":6,"h":8}},{"filename":"sprite108","frame":{"x":316,"y":371,"w":6,"h":11},"rotated":false,"trimmed":false,"spriteSourceSize":{"x":0,"y":0,"w":6,"h":11},"sourceSize":{"w":6,"h":11}},{"filename":"sprite109","frame":{"x":324,"y":371,"w":6,"h":6},"rotated":false,"trimmed":false,"spriteSourceSize":{"x":0,"y":0,"w":6,"h":6},"sourceSize":{"w":6,"h":6}},{"filename":"sprite110","frame":{"x":163,"y":404,"w":23,"h":41},"rotated":false,"trimmed":false,"spriteSourceSize":{"x":0,"y":0,"w":23,"h":41},"sourceSize":{"w":23,"h":41}},{"filename":"sprite111","frame":{"x":363,"y":404,"w":23,"h":41},"rotated":false,"trimmed":false,"spriteSourceSize":{"x":0,"y":0,"w":23,"h":41},"sourceSize":{"w":23,"h":41}},{"filename":"sprite112","frame":{"x":10,"y":405,"w":26,"h":40},"rotated":false,"trimmed":false,"spriteSourceSize":{"x":0,"y":0,"w":26,"h":40},"sourceSize":{"w":26,"h":40}},{"filename":"sprite113","frame":{"x":113,"y":405,"w":23,"h":40},"rotated":false,"trimmed":false,"spriteSourceSize":{"x":0,"y":0,"w":23,"h":40},"sourceSize":{"w":23,"h":40}},{"filename":"sprite114","frame":{"x":212,"y":405,"w":24,"h":40},"rotated":false,"trimmed":false,"spriteSourceSize":{"x":0,"y":0,"w":24,"h":40},"sourceSize":{"w":24,"h":40}},{"filename":"sprite115","frame":{"x":313,"y":405,"w":23,"h":40},"rotated":false,"trimmed":false,"spriteSourceSize":{"x":0,"y":0,"w":23,"h":40},"sourceSize":{"w":23,"h":40}},{"filename":"sprite116","frame":{"x":66,"y":406,"w":25,"h":39},"rotated":false,"trimmed":false,"spriteSourceSize":{"x":0,"y":0,"w":25,"h":39},"sourceSize":{"w":25,"h":39}},{"filename":"sprite117","frame":{"x":264,"y":406,"w":22,"h":39},"rotated":false,"trimmed":false,"spriteSourceSize":{"x":0,"y":0,"w":22,"h":39},"sourceSize":{"w":22,"h":39}},{"filename":"sprite118","frame":{"x":415,"y":416,"w":7,"h":14},"rotated":false,"trimmed":false,"spriteSourceSize":{"x":0,"y":0,"w":7,"h":14},"sourceSize":{"w":7,"h":14}},{"filename":"sprite119","frame":{"x":446,"y":418,"w":8,"h":12},"rotated":false,"trimmed":false,"spriteSourceSize":{"x":0,"y":0,"w":8,"h":12},"sourceSize":{"w":8,"h":12}},{"filename":"sprite120","frame":{"x":432,"y":422,"w":7,"h":8},"rotated":false,"trimmed":false,"spriteSourceSize":{"x":0,"y":0,"w":7,"h":8},"sourceSize":{"w":7,"h":8}},{"filename":"sprite121","frame":{"x":455,"y":422,"w":6,"h":8},"rotated":false,"trimmed":false,"spriteSourceSize":{"x":0,"y":0,"w":6,"h":8},"sourceSize":{"w":6,"h":8}},{"filename":"sprite122","frame":{"x":424,"y":423,"w":6,"h":7},"rotated":false,"trimmed":false,"spriteSourceSize":{"x":0,"y":0,"w":6,"h":7},"sourceSize":{"w":6,"h":7}},{"filename":"sprite123","frame":{"x":462,"y":424,"w":6,"h":11},"rotated":false,"trimmed":false,"spriteSourceSize":{"x":0,"y":0,"w":6,"h":11},"sourceSize":{"w":6,"h":11}},{"filename":"sprite124","frame":{"x":470,"y":424,"w":6,"h":6},"rotated":false,"trimmed":false,"spriteSourceSize":{"x":0,"y":0,"w":6,"h":6},"sourceSize":{"w":6,"h":6}},{"filename":"sprite125","frame":{"x":163,"y":454,"w":23,"h":37},"rotated":false,"trimmed":false,"spriteSourceSize":{"x":0,"y":0,"w":23,"h":37},"sourceSize":{"w":23,"h":37}},{"filename":"sprite126","frame":{"x":113,"y":455,"w":23,"h":39},"rotated":false,"trimmed":false,"spriteSourceSize":{"x":0,"y":0,"w":23,"h":39},"sourceSize":{"w":23,"h":39}},{"filename":"sprite127","frame":{"x":214,"y":455,"w":23,"h":37},"rotated":false,"trimmed":false,"spriteSourceSize":{"x":0,"y":0,"w":23,"h":37},"sourceSize":{"w":23,"h":37}},{"filename":"sprite128","frame":{"x":14,"y":456,"w":22,"h":39},"rotated":false,"trimmed":false,"spriteSourceSize":{"x":0,"y":0,"w":22,"h":39},"sourceSize":{"w":22,"h":39}},{"filename":"sprite129","frame":{"x":260,"y":456,"w":22,"h":37},"rotated":false,"trimmed":false,"spriteSourceSize":{"x":0,"y":0,"w":22,"h":37},"sourceSize":{"w":22,"h":37}},{"filename":"sprite130","frame":{"x":365,"y":456,"w":22,"h":39},"rotated":false,"trimmed":false,"spriteSourceSize":{"x":0,"y":0,"w":22,"h":39},"sourceSize":{"w":22,"h":39}},{"filename":"sprite131","frame":{"x":64,"y":457,"w":22,"h":38},"rotated":false,"trimmed":false,"spriteSourceSize":{"x":0,"y":0,"w":22,"h":38},"sourceSize":{"w":22,"h":38}},{"filename":"sprite132","frame":{"x":315,"y":457,"w":22,"h":38},"rotated":false,"trimmed":false,"spriteSourceSize":{"x":0,"y":0,"w":22,"h":38},"sourceSize":{"w":22,"h":38}},{"filename":"sprite133","frame":{"x":408,"y":465,"w":9,"h":12},"rotated":false,"trimmed":false,"spriteSourceSize":{"x":0,"y":0,"w":9,"h":12},"sourceSize":{"w":9,"h":12}},{"filename":"sprite134","frame":{"x":450,"y":465,"w":8,"h":12},"rotated":false,"trimmed":false,"spriteSourceSize":{"x":0,"y":0,"w":8,"h":12},"sourceSize":{"w":8,"h":12}},{"filename":"sprite135","frame":{"x":459,"y":469,"w":6,"h":8},"rotated":false,"trimmed":false,"spriteSourceSize":{"x":0,"y":0,"w":6,"h":8},"sourceSize":{"w":6,"h":8}},{"filename":"sprite136","frame":{"x":424,"y":470,"w":10,"h":7},"rotated":false,"trimmed":false,"spriteSourceSize":{"x":0,"y":0,"w":10,"h":7},"sourceSize":{"w":10,"h":7}},{"filename":"sprite137","frame":{"x":416,"y":471,"w":6,"h":6},"rotated":false,"trimmed":false,"spriteSourceSize":{"x":0,"y":0,"w":6,"h":6},"sourceSize":{"w":6,"h":6}},{"filename":"sprite138","frame":{"x":435,"y":471,"w":6,"h":11},"rotated":false,"trimmed":false,"spriteSourceSize":{"x":0,"y":0,"w":6,"h":11},"sourceSize":{"w":6,"h":11}},{"filename":"sprite139","frame":{"x":466,"y":471,"w":6,"h":11},"rotated":false,"trimmed":false,"spriteSourceSize":{"x":0,"y":0,"w":6,"h":11},"sourceSize":{"w":6,"h":11}},{"filename":"sprite140","frame":{"x":474,"y":471,"w":6,"h":6},"rotated":false,"trimmed":false,"spriteSourceSize":{"x":0,"y":0,"w":6,"h":6},"sourceSize":{"w":6,"h":6}}],"meta":{"app":"https://www.leshylabs.com/apps/sstool/","version":"Leshy SpriteSheet Tool v0.8.4","image":"spritesheet.png","size":{"w":550,"h":500},"scale":1}}