{"frames":[{"filename":"idle000","frame":{"x":12,"y":5,"w":27,"h":40},"rotated":false,"trimmed":false,"spriteSourceSize":{"x":0,"y":0,"w":27,"h":40},"sourceSize":{"w":27,"h":40}},{"filename":"idle003","frame":{"x":162,"y":5,"w":27,"h":40},"rotated":false,"trimmed":false,"spriteSourceSize":{"x":0,"y":0,"w":27,"h":40},"sourceSize":{"w":27,"h":40}},{"filename":"idle001","frame":{"x":62,"y":6,"w":27,"h":39},"rotated":false,"trimmed":false,"spriteSourceSize":{"x":0,"y":0,"w":27,"h":39},"sourceSize":{"w":27,"h":39}},{"filename":"idle002","frame":{"x":112,"y":6,"w":27,"h":39},"rotated":false,"trimmed":false,"spriteSourceSize":{"x":0,"y":0,"w":27,"h":39},"sourceSize":{"w":27,"h":39}},{"filename":"sprite5","frame":{"x":210,"y":15,"w":10,"h":12},"rotated":false,"trimmed":false,"spriteSourceSize":{"x":0,"y":0,"w":10,"h":12},"sourceSize":{"w":10,"h":12}},{"filename":"sprite6","frame":{"x":221,"y":15,"w":7,"h":12},"rotated":false,"trimmed":false,"spriteSourceSize":{"x":0,"y":0,"w":7,"h":12},"sourceSize":{"w":7,"h":12}},{"filename":"sprite7","frame":{"x":230,"y":15,"w":2,"h":12},"rotated":false,"trimmed":false,"spriteSourceSize":{"x":0,"y":0,"w":2,"h":12},"sourceSize":{"w":2,"h":12}},{"filename":"sprite8","frame":{"x":234,"y":19,"w":7,"h":8},"rotated":false,"trimmed":false,"spriteSourceSize":{"x":0,"y":0,"w":7,"h":8},"sourceSize":{"w":7,"h":8}},{"filename":"run002","frame":{"x":112,"y":54,"w":29,"h":41},"rotated":false,"trimmed":false,"spriteSourceSize":{"x":0,"y":0,"w":29,"h":41},"sourceSize":{"w":29,"h":41}},{"filename":"run005","frame":{"x":263,"y":54,"w":26,"h":41},"rotated":false,"trimmed":false,"spriteSourceSize":{"x":0,"y":0,"w":26,"h":41},"sourceSize":{"w":26,"h":41}},{"filename":"run000","frame":{"x":9,"y":55,"w":29,"h":40},"rotated":false,"trimmed":false,"spriteSourceSize":{"x":0,"y":0,"w":29,"h":40},"sourceSize":{"w":29,"h":40}},{"filename":"run003","frame":{"x":159,"y":55,"w":33,"h":40},"rotated":false,"trimmed":false,"spriteSourceSize":{"x":0,"y":0,"w":33,"h":40},"sourceSize":{"w":33,"h":40}},{"filename":"run001","frame":{"x":63,"y":56,"w":26,"h":39},"rotated":false,"trimmed":false,"spriteSourceSize":{"x":0,"y":0,"w":26,"h":39},"sourceSize":{"w":26,"h":39}},{"filename":"run004","frame":{"x":212,"y":56,"w":29,"h":39},"rotated":false,"trimmed":false,"spriteSourceSize":{"x":0,"y":0,"w":29,"h":39},"sourceSize":{"w":29,"h":39}},{"filename":"sprite15","frame":{"x":310,"y":66,"w":7,"h":14},"rotated":false,"trimmed":false,"spriteSourceSize":{"x":0,"y":0,"w":7,"h":14},"sourceSize":{"w":7,"h":14}},{"filename":"sprite16","frame":{"x":327,"y":72,"w":7,"h":8},"rotated":false,"trimmed":false,"spriteSourceSize":{"x":0,"y":0,"w":7,"h":8},"sourceSize":{"w":7,"h":8}},{"filename":"sprite17","frame":{"x":319,"y":73,"w":6,"h":7},"rotated":false,"trimmed":false,"spriteSourceSize":{"x":0,"y":0,"w":6,"h":7},"sourceSize":{"w":6,"h":7}},{"filename":"jump004","frame":{"x":209,"y":102,"w":30,"h":38},"rotated":false,"trimmed":false,"spriteSourceSize":{"x":0,"y":0,"w":30,"h":38},"sourceSize":{"w":30,"h":38}},{"filename":"jump003","frame":{"x":159,"y":103,"w":30,"h":37},"rotated":false,"trimmed":false,"spriteSourceSize":{"x":0,"y":0,"w":30,"h":37},"sourceSize":{"w":30,"h":37}},{"filename":"jump005","frame":{"x":259,"y":103,"w":30,"h":39},"rotated":false,"trimmed":false,"spriteSourceSize":{"x":0,"y":0,"w":30,"h":39},"sourceSize":{"w":30,"h":39}},{"filename":"jump002","frame":{"x":109,"y":104,"w":30,"h":39},"rotated":false,"trimmed":false,"spriteSourceSize":{"x":0,"y":0,"w":30,"h":39},"sourceSize":{"w":30,"h":39}},{"filename":"jump006","frame":{"x":309,"y":104,"w":30,"h":39},"rotated":false,"trimmed":false,"spriteSourceSize":{"x":0,"y":0,"w":30,"h":39},"sourceSize":{"w":30,"h":39}},{"filename":"jump000","frame":{"x":11,"y":106,"w":28,"h":39},"rotated":false,"trimmed":false,"spriteSourceSize":{"x":0,"y":0,"w":28,"h":39},"sourceSize":{"w":28,"h":39}},{"filename":"jump008","frame":{"x":410,"y":106,"w":29,"h":39},"rotated":false,"trimmed":false,"spriteSourceSize":{"x":0,"y":0,"w":29,"h":39},"sourceSize":{"w":29,"h":39}},{"filename":"jump001","frame":{"x":59,"y":107,"w":30,"h":38},"rotated":false,"trimmed":false,"spriteSourceSize":{"x":0,"y":0,"w":30,"h":38},"sourceSize":{"w":30,"h":38}},{"filename":"jump007","frame":{"x":359,"y":107,"w":30,"h":38},"rotated":false,"trimmed":false,"spriteSourceSize":{"x":0,"y":0,"w":30,"h":38},"sourceSize":{"w":30,"h":38}},{"filename":"sprite27","frame":{"x":461,"y":115,"w":9,"h":12},"rotated":false,"trimmed":false,"spriteSourceSize":{"x":0,"y":0,"w":9,"h":12},"sourceSize":{"w":9,"h":12}},{"filename":"sprite28","frame":{"x":477,"y":120,"w":10,"h":7},"rotated":false,"trimmed":false,"spriteSourceSize":{"x":0,"y":0,"w":10,"h":7},"sourceSize":{"w":10,"h":7}},{"filename":"sprite29","frame":{"x":469,"y":121,"w":6,"h":6},"rotated":false,"trimmed":false,"spriteSourceSize":{"x":0,"y":0,"w":6,"h":6},"sourceSize":{"w":6,"h":6}},{"filename":"sprite30","frame":{"x":488,"y":121,"w":6,"h":11},"rotated":false,"trimmed":false,"spriteSourceSize":{"x":0,"y":0,"w":6,"h":11},"sourceSize":{"w":6,"h":11}},{"filename":"wall000","frame":{"x":10,"y":157,"w":31,"h":40},"rotated":false,"trimmed":false,"spriteSourceSize":{"x":0,"y":0,"w":31,"h":40},"sourceSize":{"w":31,"h":40}},{"filename":"wall003","frame":{"x":160,"y":157,"w":31,"h":41},"rotated":false,"trimmed":false,"spriteSourceSize":{"x":0,"y":0,"w":31,"h":41},"sourceSize":{"w":31,"h":41}},{"filename":"wall001","frame":{"x":60,"y":158,"w":31,"h":39},"rotated":false,"trimmed":false,"spriteSourceSize":{"x":0,"y":0,"w":31,"h":39},"sourceSize":{"w":31,"h":39}},{"filename":"wall002","frame":{"x":110,"y":158,"w":31,"h":40},"rotated":false,"trimmed":false,"spriteSourceSize":{"x":0,"y":0,"w":31,"h":40},"sourceSize":{"w":31,"h":40}},{"filename":"sprite35","frame":{"x":209,"y":160,"w":10,"h":12},"rotated":false,"trimmed":false,"spriteSourceSize":{"x":0,"y":0,"w":10,"h":12},"sourceSize":{"w":10,"h":12}},{"filename":"sprite36","frame":{"x":220,"y":160,"w":7,"h":12},"rotated":false,"trimmed":false,"spriteSourceSize":{"x":0,"y":0,"w":7,"h":12},"sourceSize":{"w":7,"h":12}},{"filename":"sprite37","frame":{"x":229,"y":160,"w":2,"h":12},"rotated":false,"trimmed":false,"spriteSourceSize":{"x":0,"y":0,"w":2,"h":12},"sourceSize":{"w":2,"h":12}},{"filename":"sprite38","frame":{"x":233,"y":164,"w":7,"h":8},"rotated":false,"trimmed":false,"spriteSourceSize":{"x":0,"y":0,"w":7,"h":8},"sourceSize":{"w":7,"h":8}},{"filename":"sprite39","frame":{"x":239,"y":173,"w":7,"h":13},"rotated":false,"trimmed":false,"spriteSourceSize":{"x":0,"y":0,"w":7,"h":13},"sourceSize":{"w":7,"h":13}},{"filename":"sprite40","frame":{"x":213,"y":178,"w":7,"h":8},"rotated":false,"trimmed":false,"spriteSourceSize":{"x":0,"y":0,"w":7,"h":8},"sourceSize":{"w":7,"h":8}},{"filename":"sprite41","frame":{"x":222,"y":178,"w":8,"h":8},"rotated":false,"trimmed":false,"spriteSourceSize":{"x":0,"y":0,"w":8,"h":8},"sourceSize":{"w":8,"h":8}},{"filename":"sprite42","frame":{"x":231,"y":178,"w":6,"h":8},"rotated":false,"trimmed":false,"spriteSourceSize":{"x":0,"y":0,"w":6,"h":8},"sourceSize":{"w":6,"h":8}},{"filename":"sprite43","frame":{"x":204,"y":179,"w":7,"h":13},"rotated":false,"trimmed":false,"spriteSourceSize":{"x":0,"y":0,"w":7,"h":13},"sourceSize":{"w":7,"h":13}},{"filename":"walljump005","frame":{"x":254,"y":202,"w":30,"h":38},"rotated":false,"trimmed":false,"spriteSourceSize":{"x":0,"y":0,"w":30,"h":38},"sourceSize":{"w":30,"h":38}},{"filename":"walljump004","frame":{"x":209,"y":203,"w":30,"h":37},"rotated":false,"trimmed":false,"spriteSourceSize":{"x":0,"y":0,"w":30,"h":37},"sourceSize":{"w":30,"h":37}},{"filename":"walljump006","frame":{"x":304,"y":203,"w":30,"h":39},"rotated":false,"trimmed":false,"spriteSourceSize":{"x":0,"y":0,"w":30,"h":39},"sourceSize":{"w":30,"h":39}},{"filename":"walljump003","frame":{"x":159,"y":204,"w":32,"h":39},"rotated":false,"trimmed":false,"spriteSourceSize":{"x":0,"y":0,"w":32,"h":39},"sourceSize":{"w":32,"h":39}},{"filename":"walljump007","frame":{"x":354,"y":204,"w":30,"h":39},"rotated":false,"trimmed":false,"spriteSourceSize":{"x":0,"y":0,"w":30,"h":39},"sourceSize":{"w":30,"h":39}},{"filename":"walljump002","frame":{"x":109,"y":205,"w":33,"h":39},"rotated":false,"trimmed":false,"spriteSourceSize":{"x":0,"y":0,"w":33,"h":39},"sourceSize":{"w":33,"h":39}},{"filename":"walljump001","frame":{"x":60,"y":206,"w":32,"h":40},"rotated":false,"trimmed":false,"spriteSourceSize":{"x":0,"y":0,"w":32,"h":40},"sourceSize":{"w":32,"h":40}},{"filename":"walljump009","frame":{"x":460,"y":206,"w":29,"h":39},"rotated":false,"trimmed":false,"spriteSourceSize":{"x":0,"y":0,"w":29,"h":39},"sourceSize":{"w":29,"h":39}},{"filename":"walljump008","frame":{"x":404,"y":207,"w":30,"h":38},"rotated":false,"trimmed":false,"spriteSourceSize":{"x":0,"y":0,"w":30,"h":38},"sourceSize":{"w":30,"h":38}},{"filename":"sprite53","frame":{"x":508,"y":207,"w":9,"h":12},"rotated":false,"trimmed":false,"spriteSourceSize":{"x":0,"y":0,"w":9,"h":12},"sourceSize":{"w":9,"h":12}},{"filename":"walljump000","frame":{"x":10,"y":208,"w":31,"h":40},"rotated":false,"trimmed":false,"spriteSourceSize":{"x":0,"y":0,"w":31,"h":40},"sourceSize":{"w":31,"h":40}},{"filename":"sprite55","frame":{"x":524,"y":212,"w":10,"h":7},"rotated":false,"trimmed":false,"spriteSourceSize":{"x":0,"y":0,"w":10,"h":7},"sourceSize":{"w":10,"h":7}},{"filename":"sprite56","frame":{"x":516,"y":213,"w":6,"h":6},"rotated":false,"trimmed":false,"spriteSourceSize":{"x":0,"y":0,"w":6,"h":6},"sourceSize":{"w":6,"h":6}},{"filename":"sprite57","frame":{"x":535,"y":213,"w":6,"h":11},"rotated":false,"trimmed":false,"spriteSourceSize":{"x":0,"y":0,"w":6,"h":11},"sourceSize":{"w":6,"h":11}},{"filename":"sprite58","frame":{"x":540,"y":222,"w":7,"h":13},"rotated":false,"trimmed":false,"spriteSourceSize":{"x":0,"y":0,"w":7,"h":13},"sourceSize":{"w":7,"h":13}},{"filename":"sprite59","frame":{"x":514,"y":227,"w":7,"h":8},"rotated":false,"trimmed":false,"spriteSourceSize":{"x":0,"y":0,"w":7,"h":8},"sourceSize":{"w":7,"h":8}},{"filename":"sprite60","frame":{"x":523,"y":227,"w":8,"h":8},"rotated":false,"trimmed":false,"spriteSourceSize":{"x":0,"y":0,"w":8,"h":8},"sourceSize":{"w":8,"h":8}},{"filename":"sprite61","frame":{"x":532,"y":227,"w":6,"h":8},"rotated":false,"trimmed":false,"spriteSourceSize":{"x":0,"y":0,"w":6,"h":8},"sourceSize":{"w":6,"h":8}},{"filename":"sprite62","frame":{"x":505,"y":228,"w":7,"h":13},"rotated":false,"trimmed":false,"spriteSourceSize":{"x":0,"y":0,"w":7,"h":13},"sourceSize":{"w":7,"h":13}},{"filename":"sprite63","frame":{"x":11,"y":253,"w":29,"h":42},"rotated":false,"trimmed":false,"spriteSourceSize":{"x":0,"y":0,"w":29,"h":42},"sourceSize":{"w":29,"h":42}},{"filename":"sprite64","frame":{"x":161,"y":253,"w":29,"h":42},"rotated":false,"trimmed":false,"spriteSourceSize":{"x":0,"y":0,"w":29,"h":42},"sourceSize":{"w":29,"h":42}},{"filename":"sprite65","frame":{"x":61,"y":254,"w":29,"h":41},"rotated":false,"trimmed":false,"spriteSourceSize":{"x":0,"y":0,"w":29,"h":41},"sourceSize":{"w":29,"h":41}},{"filename":"sprite66","frame":{"x":111,"y":254,"w":29,"h":41},"rotated":false,"trimmed":false,"spriteSourceSize":{"x":0,"y":0,"w":29,"h":41},"sourceSize":{"w":29,"h":41}},{"filename":"sprite67","frame":{"x":208,"y":265,"w":10,"h":12},"rotated":false,"trimmed":false,"spriteSourceSize":{"x":0,"y":0,"w":10,"h":12},"sourceSize":{"w":10,"h":12}},{"filename":"sprite68","frame":{"x":219,"y":265,"w":7,"h":12},"rotated":false,"trimmed":false,"spriteSourceSize":{"x":0,"y":0,"w":7,"h":12},"sourceSize":{"w":7,"h":12}},{"filename":"sprite69","frame":{"x":228,"y":265,"w":2,"h":12},"rotated":false,"trimmed":false,"spriteSourceSize":{"x":0,"y":0,"w":2,"h":12},"sourceSize":{"w":2,"h":12}},{"filename":"sprite70","frame":{"x":232,"y":269,"w":7,"h":8},"rotated":false,"trimmed":false,"spriteSourceSize":{"x":0,"y":0,"w":7,"h":8},"sourceSize":{"w":7,"h":8}},{"filename":"sprite71","frame":{"x":111,"y":302,"w":31,"h":43},"rotated":false,"trimmed":false,"spriteSourceSize":{"x":0,"y":0,"w":31,"h":43},"sourceSize":{"w":31,"h":43}},{"filename":"sprite72","frame":{"x":262,"y":302,"w":28,"h":43},"rotated":false,"trimmed":false,"spriteSourceSize":{"x":0,"y":0,"w":28,"h":43},"sourceSize":{"w":28,"h":43}},{"filename":"sprite73","frame":{"x":8,"y":303,"w":31,"h":42},"rotated":false,"trimmed":false,"spriteSourceSize":{"x":0,"y":0,"w":31,"h":42},"sourceSize":{"w":31,"h":42}},{"filename":"sprite74","frame":{"x":158,"y":303,"w":35,"h":42},"rotated":false,"trimmed":false,"spriteSourceSize":{"x":0,"y":0,"w":35,"h":42},"sourceSize":{"w":35,"h":42}},{"filename":"sprite75","frame":{"x":62,"y":304,"w":28,"h":41},"rotated":false,"trimmed":false,"spriteSourceSize":{"x":0,"y":0,"w":28,"h":41},"sourceSize":{"w":28,"h":41}},{"filename":"sprite76","frame":{"x":211,"y":304,"w":31,"h":41},"rotated":false,"trimmed":false,"spriteSourceSize":{"x":0,"y":0,"w":31,"h":41},"sourceSize":{"w":31,"h":41}},{"filename":"sprite77","frame":{"x":308,"y":316,"w":7,"h":14},"rotated":false,"trimmed":false,"spriteSourceSize":{"x":0,"y":0,"w":7,"h":14},"sourceSize":{"w":7,"h":14}},{"filename":"sprite78","frame":{"x":325,"y":322,"w":7,"h":8},"rotated":false,"trimmed":false,"spriteSourceSize":{"x":0,"y":0,"w":7,"h":8},"sourceSize":{"w":7,"h":8}},{"filename":"sprite79","frame":{"x":317,"y":323,"w":6,"h":7},"rotated":false,"trimmed":false,"spriteSourceSize":{"x":0,"y":0,"w":6,"h":7},"sourceSize":{"w":6,"h":7}},{"filename":"sprite80","frame":{"x":208,"y":350,"w":32,"h":40},"rotated":false,"trimmed":false,"spriteSourceSize":{"x":0,"y":0,"w":32,"h":40},"sourceSize":{"w":32,"h":40}},{"filename":"sprite81","frame":{"x":158,"y":351,"w":32,"h":39},"rotated":false,"trimmed":false,"spriteSourceSize":{"x":0,"y":0,"w":32,"h":39},"sourceSize":{"w":32,"h":39}},{"filename":"sprite82","frame":{"x":258,"y":351,"w":32,"h":41},"rotated":false,"trimmed":false,"spriteSourceSize":{"x":0,"y":0,"w":32,"h":41},"sourceSize":{"w":32,"h":41}},{"filename":"sprite83","frame":{"x":108,"y":352,"w":32,"h":41},"rotated":false,"trimmed":false,"spriteSourceSize":{"x":0,"y":0,"w":32,"h":41},"sourceSize":{"w":32,"h":41}},{"filename":"sprite84","frame":{"x":308,"y":352,"w":32,"h":41},"rotated":false,"trimmed":false,"spriteSourceSize":{"x":0,"y":0,"w":32,"h":41},"sourceSize":{"w":32,"h":41}},{"filename":"sprite85","frame":{"x":10,"y":354,"w":30,"h":41},"rotated":false,"trimmed":false,"spriteSourceSize":{"x":0,"y":0,"w":30,"h":41},"sourceSize":{"w":30,"h":41}},{"filename":"sprite86","frame":{"x":409,"y":354,"w":31,"h":41},"rotated":false,"trimmed":false,"spriteSourceSize":{"x":0,"y":0,"w":31,"h":41},"sourceSize":{"w":31,"h":41}},{"filename":"sprite87","frame":{"x":58,"y":355,"w":32,"h":40},"rotated":false,"trimmed":false,"spriteSourceSize":{"x":0,"y":0,"w":32,"h":40},"sourceSize":{"w":32,"h":40}},{"filename":"sprite88","frame":{"x":358,"y":355,"w":32,"h":40},"rotated":false,"trimmed":false,"spriteSourceSize":{"x":0,"y":0,"w":32,"h":40},"sourceSize":{"w":32,"h":40}},{"filename":"sprite89","frame":{"x":459,"y":365,"w":9,"h":12},"rotated":false,"trimmed":false,"spriteSourceSize":{"x":0,"y":0,"w":9,"h":12},"sourceSize":{"w":9,"h":12}},{"filename":"sprite90","frame":{"x":475,"y":370,"w":10,"h":7},"rotated":false,"trimmed":false,"spriteSourceSize":{"x":0,"y":0,"w":10,"h":7},"sourceSize":{"w":10,"h":7}},{"filename":"sprite91","frame":{"x":467,"y":371,"w":6,"h":6},"rotated":false,"trimmed":false,"spriteSourceSize":{"x":0,"y":0,"w":6,"h":6},"sourceSize":{"w":6,"h":6}},{"filename":"sprite92","frame":{"x":486,"y":371,"w":6,"h":11},"rotated":false,"trimmed":false,"spriteSourceSize":{"x":0,"y":0,"w":6,"h":11},"sourceSize":{"w":6,"h":11}},{"filename":"sprite93","frame":{"x":9,"y":405,"w":33,"h":42},"rotated":false,"trimmed":false,"spriteSourceSize":{"x":0,"y":0,"w":33,"h":42},"sourceSize":{"w":33,"h":42}},{"filename":"sprite94","frame":{"x":159,"y":405,"w":33,"h":43},"rotated":false,"trimmed":false,"spriteSourceSize":{"x":0,"y":0,"w":33,"h":43},"sourceSize":{"w":33,"h":43}},{"filename":"sprite95","frame":{"x":59,"y":406,"w":33,"h":41},"rotated":false,"trimmed":false,"spriteSourceSize":{"x":0,"y":0,"w":33,"h":41},"sourceSize":{"w":33,"h":41}},{"filename":"sprite96","frame":{"x":109,"y":406,"w":33,"h":42},"rotated":false,"trimmed":false,"spriteSourceSize":{"x":0,"y":0,"w":33,"h":42},"sourceSize":{"w":33,"h":42}},{"filename":"sprite97","frame":{"x":207,"y":410,"w":10,"h":12},"rotated":false,"trimmed":false,"spriteSourceSize":{"x":0,"y":0,"w":10,"h":12},"sourceSize":{"w":10,"h":12}},{"filename":"sprite98","frame":{"x":218,"y":410,"w":7,"h":12},"rotated":false,"trimmed":false,"spriteSourceSize":{"x":0,"y":0,"w":7,"h":12},"sourceSize":{"w":7,"h":12}},{"filename":"sprite99","frame":{"x":227,"y":410,"w":2,"h":12},"rotated":false,"trimmed":false,"spriteSourceSize":{"x":0,"y":0,"w":2,"h":12},"sourceSize":{"w":2,"h":12}},{"filename":"sprite100","frame":{"x":231,"y":414,"w":7,"h":8},"rotated":false,"trimmed":false,"spriteSourceSize":{"x":0,"y":0,"w":7,"h":8},"sourceSize":{"w":7,"h":8}},{"filename":"sprite101","frame":{"x":237,"y":423,"w":7,"h":13},"rotated":false,"trimmed":false,"spriteSourceSize":{"x":0,"y":0,"w":7,"h":13},"sourceSize":{"w":7,"h":13}},{"filename":"sprite102","frame":{"x":211,"y":428,"w":7,"h":8},"rotated":false,"trimmed":false,"spriteSourceSize":{"x":0,"y":0,"w":7,"h":8},"sourceSize":{"w":7,"h":8}},{"filename":"sprite103","frame":{"x":220,"y":428,"w":8,"h":8},"rotated":false,"trimmed":false,"spriteSourceSize":{"x":0,"y":0,"w":8,"h":8},"sourceSize":{"w":8,"h":8}},{"filename":"sprite104","frame":{"x":229,"y":428,"w":6,"h":8},"rotated":false,"trimmed":false,"spriteSourceSize":{"x":0,"y":0,"w":6,"h":8},"sourceSize":{"w":6,"h":8}},{"filename":"sprite105","frame":{"x":202,"y":429,"w":7,"h":13},"rotated":false,"trimmed":false,"spriteSourceSize":{"x":0,"y":0,"w":7,"h":13},"sourceSize":{"w":7,"h":13}},{"filename":"sprite106","frame":{"x":253,"y":450,"w":32,"h":40},"rotated":false,"trimmed":false,"spriteSourceSize":{"x":0,"y":0,"w":32,"h":40},"sourceSize":{"w":32,"h":40}},{"filename":"sprite107","frame":{"x":208,"y":451,"w":32,"h":39},"rotated":false,"trimmed":false,"spriteSourceSize":{"x":0,"y":0,"w":32,"h":39},"sourceSize":{"w":32,"h":39}},{"filename":"sprite108","frame":{"x":303,"y":451,"w":32,"h":41},"rotated":false,"trimmed":false,"spriteSourceSize":{"x":0,"y":0,"w":32,"h":41},"sourceSize":{"w":32,"h":41}},{"filename":"sprite109","frame":{"x":158,"y":452,"w":34,"h":41},"rotated":false,"trimmed":false,"spriteSourceSize":{"x":0,"y":0,"w":34,"h":41},"sourceSize":{"w":34,"h":41}},{"filename":"sprite110","frame":{"x":353,"y":452,"w":32,"h":41},"rotated":false,"trimmed":false,"spriteSourceSize":{"x":0,"y":0,"w":32,"h":41},"sourceSize":{"w":32,"h":41}},{"filename":"sprite111","frame":{"x":108,"y":453,"w":35,"h":41},"rotated":false,"trimmed":false,"spriteSourceSize":{"x":0,"y":0,"w":35,"h":41},"sourceSize":{"w":35,"h":41}},{"filename":"sprite112","frame":{"x":59,"y":454,"w":34,"h":42},"rotated":false,"trimmed":false,"spriteSourceSize":{"x":0,"y":0,"w":34,"h":42},"sourceSize":{"w":34,"h":42}},{"filename":"sprite113","frame":{"x":459,"y":454,"w":31,"h":41},"rotated":false,"trimmed":false,"spriteSourceSize":{"x":0,"y":0,"w":31,"h":41},"sourceSize":{"w":31,"h":41}},{"filename":"sprite114","frame":{"x":403,"y":455,"w":32,"h":40},"rotated":false,"trimmed":false,"spriteSourceSize":{"x":0,"y":0,"w":32,"h":40},"sourceSize":{"w":32,"h":40}},{"filename":"sprite115","frame":{"x":9,"y":456,"w":33,"h":42},"rotated":false,"trimmed":false,"spriteSourceSize":{"x":0,"y":0,"w":33,"h":42},"sourceSize":{"w":33,"h":42}},{"filename":"sprite116","frame":{"x":506,"y":457,"w":9,"h":12},"rotated":false,"trimmed":false,"spriteSourceSize":{"x":0,"y":0,"w":9,"h":12},"sourceSize":{"w":9,"h":12}},{"filename":"sprite117","frame":{"x":522,"y":462,"w":10,"h":7},"rotated":false,"trimmed":false,"spriteSourceSize":{"x":0,"y":0,"w":10,"h":7},"sourceSize":{"w":10,"h":7}},{"filename":"sprite118","frame":{"x":514,"y":463,"w":6,"h":6},"rotated":false,"trimmed":false,"spriteSourceSize":{"x":0,"y":0,"w":6,"h":6},"sourceSize":{"w":6,"h":6}},{"filename":"sprite119","frame":{"x":533,"y":463,"w":6,"h":11},"rotated":false,"trimmed":false,"spriteSourceSize":{"x":0,"y":0,"w":6,"h":11},"sourceSize":{"w":6,"h":11}},{"filename":"sprite120","frame":{"x":538,"y":472,"w":7,"h":13},"rotated":false,"trimmed":false,"spriteSourceSize":{"x":0,"y":0,"w":7,"h":13},"sourceSize":{"w":7,"h":13}},{"filename":"sprite121","frame":{"x":512,"y":477,"w":7,"h":8},"rotated":false,"trimmed":false,"spriteSourceSize":{"x":0,"y":0,"w":7,"h":8},"sourceSize":{"w":7,"h":8}},{"filename":"sprite122","frame":{"x":521,"y":477,"w":8,"h":8},"rotated":false,"trimmed":false,"spriteSourceSize":{"x":0,"y":0,"w":8,"h":8},"sourceSize":{"w":8,"h":8}},{"filename":"sprite123","frame":{"x":530,"y":477,"w":6,"h":8},"rotated":false,"trimmed":false,"spriteSourceSize":{"x":0,"y":0,"w":6,"h":8},"sourceSize":{"w":6,"h":8}},{"filename":"sprite124","frame":{"x":503,"y":478,"w":7,"h":13},"rotated":false,"trimmed":false,"spriteSourceSize":{"x":0,"y":0,"w":7,"h":13},"sourceSize":{"w":7,"h":13}}],"meta":{"app":"https://www.leshylabs.com/apps/sstool/","version":"Leshy SpriteSheet Tool v0.8.4","image":"spritesheet.png","size":{"w":550,"h":500},"scale":1}}