{"frames":[{"filename":"dona004","frame":{"x":210,"y":6,"w":30,"h":30},"rotated":false,"trimmed":false,"spriteSourceSize":{"x":0,"y":0,"w":30,"h":30},"sourceSize":{"w":30,"h":30}},{"filename":"dona003","frame":{"x":160,"y":7,"w":30,"h":30},"rotated":false,"trimmed":false,"spriteSourceSize":{"x":0,"y":0,"w":30,"h":30},"sourceSize":{"w":30,"h":30}},{"filename":"dona005","frame":{"x":260,"y":7,"w":30,"h":30},"rotated":false,"trimmed":false,"spriteSourceSize":{"x":0,"y":0,"w":30,"h":30},"sourceSize":{"w":30,"h":30}},{"filename":"dona002","frame":{"x":110,"y":8,"w":30,"h":30},"rotated":false,"trimmed":false,"spriteSourceSize":{"x":0,"y":0,"w":30,"h":30},"sourceSize":{"w":30,"h":30}},{"filename":"dona006","frame":{"x":312,"y":8,"w":30,"h":30},"rotated":false,"trimmed":false,"spriteSourceSize":{"x":0,"y":0,"w":30,"h":30},"sourceSize":{"w":30,"h":30}},{"filename":"dona001","frame":{"x":60,"y":9,"w":30,"h":30},"rotated":false,"trimmed":false,"spriteSourceSize":{"x":0,"y":0,"w":30,"h":30},"sourceSize":{"w":30,"h":30}},{"filename":"dona007","frame":{"x":362,"y":9,"w":30,"h":30},"rotated":false,"trimmed":false,"spriteSourceSize":{"x":0,"y":0,"w":30,"h":30},"sourceSize":{"w":30,"h":30}},{"filename":"dona000","frame":{"x":10,"y":10,"w":30,"h":30},"rotated":false,"trimmed":false,"spriteSourceSize":{"x":0,"y":0,"w":30,"h":30},"sourceSize":{"w":30,"h":30}},{"filename":"red004","frame":{"x":210,"y":56,"w":30,"h":30},"rotated":false,"trimmed":false,"spriteSourceSize":{"x":0,"y":0,"w":30,"h":30},"sourceSize":{"w":30,"h":30}},{"filename":"red005","frame":{"x":260,"y":56,"w":30,"h":30},"rotated":false,"trimmed":false,"spriteSourceSize":{"x":0,"y":0,"w":30,"h":30},"sourceSize":{"w":30,"h":30}},{"filename":"red003","frame":{"x":160,"y":57,"w":30,"h":30},"rotated":false,"trimmed":false,"spriteSourceSize":{"x":0,"y":0,"w":30,"h":30},"sourceSize":{"w":30,"h":30}},{"filename":"red002","frame":{"x":110,"y":58,"w":30,"h":30},"rotated":false,"trimmed":false,"spriteSourceSize":{"x":0,"y":0,"w":30,"h":30},"sourceSize":{"w":30,"h":30}},{"filename":"red006","frame":{"x":310,"y":58,"w":30,"h":30},"rotated":false,"trimmed":false,"spriteSourceSize":{"x":0,"y":0,"w":30,"h":30},"sourceSize":{"w":30,"h":30}},{"filename":"red001","frame":{"x":60,"y":59,"w":30,"h":30},"rotated":false,"trimmed":false,"spriteSourceSize":{"x":0,"y":0,"w":30,"h":30},"sourceSize":{"w":30,"h":30}},{"filename":"red007","frame":{"x":360,"y":59,"w":30,"h":30},"rotated":false,"trimmed":false,"spriteSourceSize":{"x":0,"y":0,"w":30,"h":30},"sourceSize":{"w":30,"h":30}},{"filename":"red000","frame":{"x":10,"y":60,"w":30,"h":30},"rotated":false,"trimmed":false,"spriteSourceSize":{"x":0,"y":0,"w":30,"h":30},"sourceSize":{"w":30,"h":30}},{"filename":"reloj004","frame":{"x":210,"y":106,"w":30,"h":30},"rotated":false,"trimmed":false,"spriteSourceSize":{"x":0,"y":0,"w":30,"h":30},"sourceSize":{"w":30,"h":30}},{"filename":"reloj005","frame":{"x":260,"y":106,"w":30,"h":30},"rotated":false,"trimmed":false,"spriteSourceSize":{"x":0,"y":0,"w":30,"h":30},"sourceSize":{"w":30,"h":30}},{"filename":"reloj003","frame":{"x":160,"y":107,"w":30,"h":30},"rotated":false,"trimmed":false,"spriteSourceSize":{"x":0,"y":0,"w":30,"h":30},"sourceSize":{"w":30,"h":30}},{"filename":"reloj002","frame":{"x":110,"y":108,"w":30,"h":30},"rotated":false,"trimmed":false,"spriteSourceSize":{"x":0,"y":0,"w":30,"h":30},"sourceSize":{"w":30,"h":30}},{"filename":"reloj006","frame":{"x":310,"y":108,"w":30,"h":30},"rotated":false,"trimmed":false,"spriteSourceSize":{"x":0,"y":0,"w":30,"h":30},"sourceSize":{"w":30,"h":30}},{"filename":"reloj001","frame":{"x":60,"y":109,"w":30,"h":30},"rotated":false,"trimmed":false,"spriteSourceSize":{"x":0,"y":0,"w":30,"h":30},"sourceSize":{"w":30,"h":30}},{"filename":"reloj007","frame":{"x":360,"y":109,"w":30,"h":30},"rotated":false,"trimmed":false,"spriteSourceSize":{"x":0,"y":0,"w":30,"h":30},"sourceSize":{"w":30,"h":30}},{"filename":"reloj000","frame":{"x":10,"y":110,"w":30,"h":30},"rotated":false,"trimmed":false,"spriteSourceSize":{"x":0,"y":0,"w":30,"h":30},"sourceSize":{"w":30,"h":30}},{"filename":"cepo004","frame":{"x":210,"y":156,"w":30,"h":30},"rotated":false,"trimmed":false,"spriteSourceSize":{"x":0,"y":0,"w":30,"h":30},"sourceSize":{"w":30,"h":30}},{"filename":"cepo005","frame":{"x":260,"y":156,"w":30,"h":30},"rotated":false,"trimmed":false,"spriteSourceSize":{"x":0,"y":0,"w":30,"h":30},"sourceSize":{"w":30,"h":30}},{"filename":"cepo003","frame":{"x":160,"y":157,"w":30,"h":30},"rotated":false,"trimmed":false,"spriteSourceSize":{"x":0,"y":0,"w":30,"h":30},"sourceSize":{"w":30,"h":30}},{"filename":"cepo002","frame":{"x":110,"y":158,"w":30,"h":30},"rotated":false,"trimmed":false,"spriteSourceSize":{"x":0,"y":0,"w":30,"h":30},"sourceSize":{"w":30,"h":30}},{"filename":"cepo006","frame":{"x":310,"y":158,"w":30,"h":30},"rotated":false,"trimmed":false,"spriteSourceSize":{"x":0,"y":0,"w":30,"h":30},"sourceSize":{"w":30,"h":30}},{"filename":"cepo001","frame":{"x":60,"y":159,"w":30,"h":30},"rotated":false,"trimmed":false,"spriteSourceSize":{"x":0,"y":0,"w":30,"h":30},"sourceSize":{"w":30,"h":30}},{"filename":"cepo007","frame":{"x":360,"y":159,"w":30,"h":30},"rotated":false,"trimmed":false,"spriteSourceSize":{"x":0,"y":0,"w":30,"h":30},"sourceSize":{"w":30,"h":30}},{"filename":"cepo000","frame":{"x":10,"y":160,"w":30,"h":30},"rotated":false,"trimmed":false,"spriteSourceSize":{"x":0,"y":0,"w":30,"h":30},"sourceSize":{"w":30,"h":30}},{"filename":"objeto000","frame":{"x":16,"y":216,"w":18,"h":18},"rotated":false,"trimmed":false,"spriteSourceSize":{"x":0,"y":0,"w":18,"h":18},"sourceSize":{"w":18,"h":18}},{"filename":"objeto001","frame":{"x":66,"y":216,"w":18,"h":18},"rotated":false,"trimmed":false,"spriteSourceSize":{"x":0,"y":0,"w":18,"h":18},"sourceSize":{"w":18,"h":18}},{"filename":"sprite35","frame":{"x":124,"y":220,"w":2,"h":1},"rotated":false,"trimmed":false,"spriteSourceSize":{"x":0,"y":0,"w":2,"h":1},"sourceSize":{"w":2,"h":1}},{"filename":"objeto003","frame":{"x":170,"y":220,"w":10,"h":10},"rotated":false,"trimmed":false,"spriteSourceSize":{"x":0,"y":0,"w":10,"h":10},"sourceSize":{"w":10,"h":10}},{"filename":"objeto002","frame":{"x":120,"y":222,"w":10,"h":10},"rotated":false,"trimmed":false,"spriteSourceSize":{"x":0,"y":0,"w":10,"h":10},"sourceSize":{"w":10,"h":10}},{"filename":"objeto004","frame":{"x":222,"y":224,"w":6,"h":6},"rotated":false,"trimmed":false,"spriteSourceSize":{"x":0,"y":0,"w":6,"h":6},"sourceSize":{"w":6,"h":6}},{"filename":"sprite39","frame":{"x":118,"y":226,"w":1,"h":2},"rotated":false,"trimmed":false,"spriteSourceSize":{"x":0,"y":0,"w":1,"h":2},"sourceSize":{"w":1,"h":2}},{"filename":"sprite40","frame":{"x":131,"y":226,"w":1,"h":2},"rotated":false,"trimmed":false,"spriteSourceSize":{"x":0,"y":0,"w":1,"h":2},"sourceSize":{"w":1,"h":2}},{"filename":"sprite41","frame":{"x":124,"y":233,"w":2,"h":1},"rotated":false,"trimmed":false,"spriteSourceSize":{"x":0,"y":0,"w":2,"h":1},"sourceSize":{"w":2,"h":1}}],"meta":{"app":"https://www.leshylabs.com/apps/sstool/","version":"Leshy SpriteSheet Tool v0.8.4","image":"spritesheet.png","size":{"w":400,"h":250},"scale":1}}